{"cameraMode":{"drawMode":0,"name":"Shaded","section":"Shading Mode"},"sceneLighting":false,"audioPlay":false,"sceneViewState":{"m_AlwaysRefresh":false,"showFog":true,"showSkybox":false,"showFlares":true,"showImageEffects":true,"showParticleSystems":true,"showVisualEffectGraphs":true,"m_FxEnabled":true},"in2DMode":false,"pivot":{"x":0.7078744173049927,"y":8.791147232055664,"z":0.197554349899292},"rotation":{"x":-0.0009112822008319199,"y":-0.9900400638580322,"z":0.14052964746952058,"w":-0.006529204547405243},"size":1.417744517326355,"orthographic":false}